{
    "sim_id": 1,
    "cubes": [
        [
            0.3230412105738599,
            0.6461945340449509,
            0.3,
            0.17
        ]
    ],
    "velocity_for_cubes": [
        [
            0.0,
            0.0
        ]
    ],
    "obstacles": [
        [
            0.48701876942032424,
            0.1639584923268051,
            0.1,
            0.1
        ]
    ],
    "nparticles": 1636
}