{
    "sim_id": 0,
    "cubes": [
        [
            0.39897622857544235,
            0.6331977139191606,
            0.3,
            0.17
        ]
    ],
    "velocity_for_cubes": [
        [
            0.0,
            0.0
        ]
    ],
    "obstacles": [
        [
            0.4587072015877037,
            0.21434625295652077,
            0.1,
            0.1
        ]
    ],
    "nparticles": 1636
}